﻿USE [RiskProf.Info]
GO
SET IDENTITY_INSERT [Info].[Claims] ON 
INSERT INTO [Info].[Claims] ([Id],[Title],[AuthKey])
VALUES (1, N'ИНФО. Путеводитель', N'test.guide'),
	(2, N'ИНФО. Возможности', N'test.features'),
	(3, N'ИНФО. Официальные партнеры', N'test.list'),
	(4, N'ИНФО. Обновления', N'test.updates'),
	(5, N'ИНФО. Новости', N'test.news'),
	(6, N'ИНФО. События', N'test.events'),
	(7, N'ИНФО. Статьи', N'test.articles'),
	(8, N'ИНФО. Материалы', N'test.salesmaterials'),
	(9, N'ИНФО. Вебинары', N'test.webinars'),
	(10, N'ИНФО. Методические материалы', N'test.methodical'),
	(11, N'ИНФО. Обзор новостей', N'test.reviews'),
	(12, N'ИНФО. Материалы для продаж', N'test.salesmaterials'),
	(13, N'ИНФО. Инфоблоки для Анонима', N'test.anon'),
	(14, N'ИНФО. Инфоблоки для Регистр', N'test.registered'),
	(15, N'ИНФО. Инфоблоки для Профессионала', N'test.professional'),
	(16, N'ИНФО. Инфоблоки для Бизнеса', N'test.business'),
	(17, N'ИНФО. Инфоблоки для Партнера', N'test.partner'),
	(18, N'ИНФО. Инфоблоки для Работодателя', N'test.employer');


GO
SET IDENTITY_INSERT [Info].[Claims] off 
Go
insert into [Info].[Page] ([Guid],[Title])
values
		('88888888-1888-8888-8888-888888888888',N'Новости'), --1
		('88888888-2888-8888-8888-888888888888',N'Возможности '), --2
		('88888888-3888-8888-8888-888888888888',N'Вебинары '), --3
		('88888888-4888-8888-8888-888888888888',N'Методические материалы '), --4
		('88888888-5888-8888-8888-888888888888',N'Официальные партнеры '), --5
		('88888888-6888-8888-8888-888888888888',N'Обзор новостей '), --6
		('88888888-7888-8888-8888-888888888888',N'Материалы для продаж '), --7
        ('88888888-8888-8888-8888-888888888888',N'Путеводитель'), --8
		('88888888-9888-8888-8888-888888888888',N'Обновления '), --9
		('88888888-1088-8888-8888-888888888888',N'События'), --10
		('88888888-1188-8888-8888-888888888888',N'Статьи '), --11
		('88888888-1288-8888-8888-888888888888',N'Материалы '), --12
		('88888888-1388-8888-8888-888888888888',N'Видеоинструкции ') --13
go    


insert into [Info].[Type] ([Title],[Guid])
values
        (N'Видео','888833b5-8888-8888-8888-539770d48888'),
		(N'Статья','8888af74-8888-8888-8888-cc9dc0ac8888'),
		(N'Документ','88883705-8888-8888-8888-475c7f1d8888')
go

insert into [Info].[Category] ([Title],[PageId],[ParentId],[Sort],[Comment])
values
        (N'Новость',1,null,null,null), --1
        (N'Возможность',2,null,null,null), --2
        (N'Вебинар',3,null,null,null), --3
        (N'Методический документ',4,null,null,null), --4
        (N'Партнер',5,null,null,null), --5
        (N'Обзор Новостей',6,null,null,null), --6
        (N'Материалы для продаж',7,null,null,null), --7
		(N'QuickstartGuide',8,null,null,null), --8
        (N'Обновления',9,null,null,null), --9
        (N'События',10,null,null,null), --10
        (N'Статьи',11,null,null,null), --11
        (N'Материалы',12,null,null,null), --12
		(N'Видеоинструкции',13,null,null,null) --13

        go

        

insert into [Info].[Item] ([Title],[Text], [Description], [SourceTitle],[SourceUrl],[ContentUrl],[ExtraUrl],[DatePublication], [IsDeleted],[IsActive],[TransliteratedTitle], [TypeId], [DemoText],[PreviewURL])
values 
        ( N'Выпуск версии 2020.1.7.',N'			<ul>
                        <li>1. Обновлена База знаний РискПроф. В Базе знаний РискПроф 2.0 более детально проработаны опасности, их источники и меры управления, а также нормативно-правовые акты.</li>
                        <li>2. На главной странице для неаутентифицированного пользователя появилась общая информация о проекте РискПроф, а также страницы "Возможности" и "Партнёры".</li>
                        <li>3. Появилось навигационное меню в левой части сайта, которое можно скрыть или показать.</li>
                        <li>4. В Базе знаний РискПроф появилась новая возможность: теперь можно посмотреть карты ОПР для профессий.</li>
                        <li>5. Появился раздел "Для партнёров", в котором уже сейчас есть полезные сведения (данные об организациях в регионе партнёра, уделяющих внимание охране труда), а в дальнейшем в нём будут появляться и другие важные материалы.</li>
                        <li>6. Добавили скрол на диалогах по работе с классификаторами и вставке объектов в рабочие места: теперь стало удобнее работать на мониторах с маленьким разрешением экрана.</li>
                        <li>7. Повышена стабильность системы, исправлены некоторые ошибки.</li>
                    </ul>', N'Главное в этом выпуске: Вышла База знаний РискПроф 2.0, появилось меню в левой части экрана, добавлены материалы для партнеров, опитимизированы диалоги для работы на маленьких экранах.',N'',N'',N'',N'',CAST(N'2019-02-20' AS DateTime2),0,1,'vipusk-versii-2020-1-7', 2,N'',N''),
        ( N'Выпуск версии 2020.1',N'<ul>
                        <li>Мы улучшили наши диалоговые окна для работы с объектами оценки риска, источниками опасностей, опасностями, мерами управления, рабочими местами и др.</li>
                        <li>В сервисе была расширена работа с разделяемыми объектами оценки риска (РООРами): теперь можно не только вставлять ссылку на РООР в рабочее место, но и копировать внутренние данные РООРа или преобразовывать в свой ООР ранее добавленную ссылку.</li>
                        <li>В системе появился центр уведомлений. Следите за развитием сервиса из вкладки “Новости”.</li>
                        <li>Было упрощено редактирование основных данных рабочего места без входа в редактор рисков.</li>
                        <li>Добавлена возможность работы из "локальной Базы знаний": её составят шаблонные проекты пользователя.</li>
                        <li>Добавлена возможность проверки полноты списка идентифицированных опасностей на основе Базы знаний РискПроф и шаблонных проектов пользователя.</li>
                        <li>Теперь при копировании РООРов в проект делается проверка, предотвращающая дублирование РООРов.</li>
                        <li>В документы добавлены НПА.</li>
                        <li>Добавлена форма обратной связи и формы заказа тарифных планов.</li>
                        <li>Выведена версия РискПроф (изменился формат номера версии).</li>
                        <li>Добавлены подсказки по основным определениям в редакторе рисков.</li>
                    </ul>',N'С выходом новой версии стало удобнее работать со списком рабочих мест и РООРами. Интерфейс по работе со справочниками стал проще и понятнее.',N'',N'',N'',N'',CAST(N'2020-01-14' AS DateTime2),0,1,'vipusk-versii-2020-1',2,N'',N''),
        ( N'Выпуск версии 3.4.0',N'<ul>
                        <li>1. В систему была добавлена База знаний РискПроф. Она содержит шаблоны карт с рисками для рабочих мест, которые позволяют заполнить карты первоначальными данными.</li>
                        <li>2. Появилась возможность более наглядно представить иерархию подразделений и иерархически организовать список проектов с помощью дерева в левой части страницы.</li>
                        <li>3. У сервиса появилась служба поддержки. Теперь можно позвонить или написать нам по проблемам, которые у вас возникли при работе с сайтом.</li>
                    </ul>',N'Главное в новой версии: появилась возможность использовать готовые карты ОПР из Базы знаний РискПроф, стало удобно систематизировать проекты и подразделения организации с помощью деревьев.',N'',N'',N'',N'',CAST(N'2019-12-21' AS DateTime2),0,1,'vipusk-versii-3-4-0',2,N'',N''),
        ( N'Проектный подход',N'<p>
                    Проект - перечень рабочих мест, на которых производится оценка профессиональных рисков.<br>
                    Проект содержит независимую копию классификаторов, методики оценки профессиональных рисков, перечня и всех атрибутов рабочих мест.<br>
                    Проекты можно структурировать с помощью системы папок.
                </p>',N'',N'',N'',N'',N'',CAST(N'2019-12-21' AS DateTime2),0,1,'',2,N'',N''),
        ( N'Импорт штатного расписания',N'
                    <p>
                    Система поддерживает различные способы создания рабочих мест:
                    </p>
                    <ul>
                        <li>создание рабочих мест по одному</li>
                        <li>копирование рабочих мест</li>
                        <li>импорт штатного расписания из формата *.xlsx (Microsoft Excel 2007+)</li>
                        <li>импорт штатного расписания из формата *.sout (Минтруд России ФГИС СОУТ)</li>
                    </ul>
                    При импорте штатного расписания из формата *.xlsx создается проект, структура подразделений, рабочие места.<br>
                    При наличии в файле нескольких организаций может быть создано несколько проектов.<br>
                ',N' ',N' ',N'5 ',N' ',N'',CAST(N'2019-12-21' AS DateTime2),0,1,'',2,N'',N''),
        ( N'Рабочие места',N'
                <p>
                    Список рабочих мест предназначен для редактирования сведений о рабочих местах и подразделениях.<br>
                    Список обладает возможностью поиска рабочих мест, просмотра карт оценки профессиональных рисков и протоколов осмотра рабочих мест.<br>
                    Интеграция с Базой знаний РискПроф позволяет просматривать готовые карты оценки профессиональных рисков из Базы знаний РискПроф, копировать их для отдельного рабочего места или проекта целиком.
                </p>
                ',N' ',N' ',N'5 ',N' ',N'',CAST(N'2019-12-21' AS DateTime2),0,1,'',2,N'',N''),
        ( N'Редактор реестра рисков',N'
                <p>
                    Редактор реестра рисков предоставляет возможность редактировать сведения об объектах оценки профессиональных рисков, источниках опасности, опасностях, оценках уровня профессионального риска, мерах управления.
                </p>
                ',N' ',N' ',N'5 ',N' ',N'',CAST(N'2019-12-21' AS DateTime2),0,1,'',2,N'',N''),
        ( N'Матрица оценки риска',N'
                <p>
                    Проект оценки профессиональных рисков содержит настройки матрицы оценки профессиональных рисков.<br>
                    Матрица может обладать любым количеством осей и значений оценки риска.<br>
                    По умолчанию в проект копируется матрица оценки профессиональных рисков на основе осей тяжести и вероятности проявления опасности.
                </p>
                ',N' ',N' ',N'5 ',N' ',N'',CAST(N'2019-12-21' AS DateTime2),0,1,'',2,N'',N''),
        ( N'Печатные формы',N'
                <p>
                    Печатный формы позволяют сформировать отчётные документы для печати, предъявления надзорным органам и ознакомления работников.<br>
                    Система предоставляет возможность формирования полного набора печатных форм соответствующих Приказу N 77 от 21.03.2019 Федеральной службы по труду и занятости.<br>
                    Система предоставляет возможность формирования дополнительных печатных форм.

                </p>
                ',N' ',N' ',N'5 ',N' ',N'',CAST(N'2019-12-21' AS DateTime2),0,1,'',2,N'',N''),
        ( N'База знаний РискПроф',N'
                <p>
                    База явных опасностей, идентифицированных на основе анализа требований нормативных правовых актов трудового законодательства Российской Федерации<br>
                    </p><div style="width: auto; height:auto;">
                        <span>Установлена взаимосвязь опасностей с объектами:   </span>                
                        <ul>
                            <li>Нормативные правовые акты</li>
                            <li>Профессии</li>
                            <li>Выполняемые работы</li>
                            <li>Места выполнения работ</li>
                            <li>Аварийные ситуации</li>
                            <li>Нештатные ситуации</li>
                            <li>Источники опасностей</li>
                            <li>Меры управления</li>
                        </ul>
                    </div>
                ',N' ',N' ',N'5 ',N' ',N'',CAST(N'2019-12-21' AS DateTime2),0,1,'',2,N'',N''),
        ( N'Идентификация рисков. Источники опасности.',N'На вебинаре рассматриваются понятия объектов оценки риска и источников опасности. Вводится классификация источников опасности. Рассматриваются конкретные примеры источников опасности.',N'',N'',N'',N'https://www.youtube.com/watch?v=Eu1NlNsdU8I&feature=youtu.be',N'Extra',CAST(N'2020-01-31' AS DateTime2),0,1,'',2,N'',N''),
        ( N'Идентификация рисков. Индикаторы опасности.',N'На этом вебинаре мы научимся устанавливать взаимосязи между объектами оценки рисков и источниками опасности и имеющимися опасностями. Рассмотрим опасности появляющиеся в следствии взаимодействия различных источников опасности. Оценим возможность использования контрольных вопросов для идентификации опасностей.
',N'',N'',N'',N'https://www.youtube.com/watch?v=bdi4xG3wct8&feature=youtu.be',N'',CAST(N'2020-02-14' AS DateTime2),0,1,'',2,N'',N''),
        ( N'Методы оценки риска. Уровень риска. Тяжесть и вероятность события.',N'На вебинаре подробно разбираются такие методы оценки уровня риска как марица последствий и вероятностей и метод Файна-Кинни. На конкретных примерах показываются способы определения уровней тяжести последствий и вероятности наступления опасного события. Определяется отношение к приемлемости риска.
',N'',N'',N'',N'https://www.youtube.com/watch?v=0VLbs6cbutY&feature=youtu.be',N'',CAST(N'2020-02-28' AS DateTime2),0,1,'',2,N'',N''),
        ( N'Методы оценки риска. Обзор методов ГОСТ 31010.',N'На вебинаре дается обзор методов оценки уровня риска и методов идентификации опасностей входящих в ГОСТ 31010, а так же некоторых других популярных методов оценки риска не вошедших в стандарт, но применяемых на практике. Показывается какие из методов нашли отражение в методике применяемой в программном обеспечении РискПроф.
',N'',N'',N'https://pruffme.com/landing/u768275/gost-31010',N'',N'',CAST(N'2020-03-13' AS DateTime2),0,1,'',2,N'',N''),
        ( N'Методы оценки риска. Анализ существующих мер управления. Разработка дополнительных мер управления.',N'На вебинаре на примерах рассказывается о возможных мерах управления риском для разных опасностей. Проводится анализ влияния применяемых мер на вероятность эскалации опасного события и/или его тяжести.
',N' ',N' ',N'https://pruffme.com/landing/u768275/mery-upravleniya',N'',N'',CAST(N'2020-03-27' AS DateTime2),0,1,'',2,N'',N''),
        ( N'Памятка по оценке профессиональных рисков.',N' ',N' ',N' ',N'5 ',N'/Content/MethodicalDocument/Pamyatka po otsenke professional nykh riskov.docx',N'',CAST(N'2020-03-27' AS DateTime2),0,1,'',2,N'',N''),
        ( N'Положение об оценке профессиональных рисков.',N' ',N' ',N' ',N'5 ',N'/Content/MethodicalDocument/Polozhenie ob otsenke professional nykh riskov.docx',N'',CAST(N'2020-03-27' AS DateTime2),0,1,'',2,N'',N''),
        ( N'Приказ оценка профессиональных рисков (образец).',N' ',N' ',N' ',N'5 ',N'/Content/MethodicalDocument/Prikaz otsenka professional nykh riskov (obrazets).docx',N'',CAST(N'2020-03-27' AS DateTime2),0,1,'',2,N'',N''),

        (N'Белгородская область',N'
           <p><strong>адрес:</strong> 308010, Белгородская обл, Белгород г, Б. Хмельницкого пр-кт, дом № 195</p>
        <p><strong>e-mail:</strong> belses@bk.ru</p>
        <p><strong>телефон:</strong> +7 (4722) 770410</p>
            <p><strong>сайт:</strong></p>',
            N'ООО "Белгородский санитарно-эпидемиологический сервис"',N'соут.рф',N'https://xn--n1afed.xn--p1ai',N'',N'ExtraUrl',CAST(N'2020-03-27' AS DateTime2),0,1,'',2,N'',N''),

             (N'Краснодарский край',N'<p><strong>адрес:</strong> г. Краснодар, ул. им. Героя А.А. Аверкиева, д. 24, оф. 59-63, 65</p>
             <p><strong>e-mail:</strong> ssbt23@mail.ru</p>
             <p><strong>телефон:</strong> +7(861)210-16-99; +7(964)927-23-74</p>
             <p><strong>сайт:</strong></p>
            ',N'ОООО МЦ «Защита плюс»',N'www.ssbt23.ru',N'https://ssbt23.ru',N'',N'ExtraUrl',CAST(N'2020-03-27' AS DateTime2),0,1,'',2,N'',N''),

           (N'Курская область',N'
            <p><strong>адрес:</strong> 305029, г. Курск, ул. 1-я Пушкарная, дом 28</p>
            <p><strong>e-mail:</strong> tsot-sell@mail.ru, tsot-dogovor@mail.ru</p>
            <p><strong>телефон:</strong> +7 (4712) 22-05-85, +7 (4712) 22-06-68</p>
            <p><strong>сайт:</strong></p>
        ',N'ООО "Центр охраны труда"',N'www.цот-курск.рф',N'http://цот-курск.рф',N'',N'ExtraUrl',CAST(N'2020-03-27' AS DateTime2),0,1,'',2,N'',N''),

        (N'Новосибирская область',N'<p><strong>адрес:</strong> 630005, г. Новосибирск, ул. Некрасова, д. № 63/1, этаж 2</p>
        <p><strong>e-mail:</strong> info@sarm.pro</p>
        <p><strong>телефон:</strong> +7 (800) 511-77-00, +7 (383) 286-84-00</p>
        <p><strong>сайт:</strong></p>
        ',N'ООО "САРМ"',N'www.sarm.pro',N'https://sarm.pro',N'',N'ExtraUrl',CAST(N'2020-03-27' AS DateTime2),0,1,'',2,N'',N''),

             (N'Республика Башкортостан',N'<p><strong>адрес:</strong> 450032, г. Уфа, Орджоникидзевский район, ул. Боткина, д.5</p>
            <p><strong>e-mail:</strong> sout@sems-rb.ru</p>
            <p><strong>телефон:</strong> +7 (347) 246-26-88</p>
            <p><strong>сайт:</strong></p>
            ',N'ООО УМЦ "СтройЭнергоМонтажСервис"',N'www.umc.sems-rb.ru',N'http://umc.sems-rb.ru',N'',N'ExtraUrl',CAST(N'2020-03-27' AS DateTime2),0,1,'',2,N'',N''),

             (N'Республика Татарстан',N'<p><strong>адрес:</strong> 420088, г. Казань, ул. Халитова, д. 8</p>
             <p><strong>e-mail:</strong> oooviko@mail.ru</p>
             <p><strong>телефон:</strong> +7 (843) 202-32-50</p>
             <p><strong>сайт:</strong></p>
            ',N'ООО "ВиКо"',N'www.oooviko.ru',N'https://oooviko.ru',N'',N'ExtraUrl',CAST(N'2020-03-27' AS DateTime2),0,1,'',2,N'',N''),

          (N'Обзор за январь 2020г.',N'',N'',N'',N'/Content/KB/Overview/2020-01 Obzor novostej rynka ohrany truda.pdf',N'/Content/KB/Overview/2020-01 Obzor izmenenij zakonodatel stva.pdf',N'ExtraUrl',CAST(N'2020-03-27' AS DateTime2),0,1,'',2,N'',N''),
         
          (N'Обзор за февраль 2020г.',N'',N'',N'',N'/Content/KB/Overview/2020-02 Obzor novostej rynka ohrany truda.pdf',N'/Content/KB/Overview/2020-02 Obzor izmenenij zakonodatel stva.pdf',N'ExtraUrl',CAST(N'2020-03-27' AS DateTime2),0,1,'',2,N'',N''),

           ( N'Выпуск версии 2020.2.0.',N'			<ul>
                        <li>1. Обновлена База знаний РискПроф. В Базе знаний РискПроф 2.0 более детально проработаны опасности, их источники и меры управления, а также нормативно-правовые акты.</li>
                        <li>2. На главной странице для неаутентифицированного пользователя появилась общая информация о проекте РискПроф, а также страницы "Возможности" и "Партнёры".</li>
                        <li>3. Появилось навигационное меню в левой части сайта, которое можно скрыть или показать.</li>
                        <li>4. В Базе знаний РискПроф появилась новая возможность: теперь можно посмотреть карты ОПР для профессий.</li>
                        <li>5. Появился раздел "Для партнёров", в котором уже сейчас есть полезные сведения (данные об организациях в регионе партнёра, уделяющих внимание охране труда), а в дальнейшем в нём будут появляться и другие важные материалы.</li>
                        <li>6. Добавили скрол на диалогах по работе с классификаторами и вставке объектов в рабочие места: теперь стало удобнее работать на мониторах с маленьким разрешением экрана.</li>
                        <li>7. Повышена стабильность системы, исправлены некоторые ошибки.</li>
                    </ul>', N'Главное в этом выпуске: Вышла База знаний РискПроф 2.0, появилось меню в левой части экрана, добавлены материалы для партнеров, опитимизированы диалоги для работы на маленьких экранах.',N'',N'',N'',N'',CAST(N'2020-03-16' AS DateTime2),0,1,'vipusk-versii-2020-2-0',2,N'',N''),
                           

         ( N'Шаблон договора на оценку рисков',N' ',N' ',N' ',N'',N'/Content/SalesManagerDocument/doc/ShablonDogovoraNaOtsenkuRiskov.docx',N'',GETDATE(),0,1,'',3,N'',N''),
         ( N'Коммерческое предложение (3 варианта)',N' ',N' ',N' ',N'',N'/Content/SalesManagerDocument/doc/KommercheskoyePredlozheniye(3varianta).docx',N'',GETDATE(),0,1,'',3,N'',N''),
         ( N'Коммерческое предложение Без выезда',N' ',N' ',N' ',N'',N'/Content/SalesManagerDocument/doc/KommercheskoyePredlozheniyeBezVyyezda.docx',N'',GETDATE(),0,1,'',3,N'',N''),
         ( N'Презентация Оценка профессиональных рисков',N' ',N' ',N' ',N'',N'/Content/SalesManagerDocument/pptx/PrezentatsiyaOtsenkaProfessionalnykhRiskov.pptx',N'',GETDATE(),0,1,'',3,N'',N''),
         ( N'Презентация Дистанционный курс обучения менеджеров по услуге ОПР',N' ',N' ',N' ',N'',N'/Content/SalesManagerDocument/pptx/PrezentaciyaDistancionnyjKursObucheniyaMenedzherovPoUslugeOPR.pptx',N'',GETDATE(),0,1,'',3,N'',N''),
         ( N'Скрипт Холодный обзвон, закрытие на услугу ОПР',N' ',N' ',N' ',N'',N'/Content/SalesManagerDocument/xls/SkriptKholodnyyObzvonZakrytiyeNaUsluguOPR.xlsx',N'',GETDATE(),0,1,'',3,N'',N''),
         ( N'Скрипт Холодный обзвон, закрытие на информационное письмо (вебинар)',N' ',N' ',N' ',N'',N'/Content/SalesManagerDocument/xls/SkriptKholodnyyObzvonXakrytiyeNaInformatsionnoyePismo(vebinar).xlsx',N'',GETDATE(),0,1,'',3,'',N''),
       							
							--QuickstartGuide
							(N'Быстрый Старт 1',N'Старт 1 Повышена стабильность системы, исправлены некоторые ошибки.',N'Lorem ipsum dolor sit amet',N'',N'/Content/Images/features/BaseGlobal.png',N'https://www.youtube.com/watch?v=5qap5aO4i9A ',N'',CAST(N'2020-03-26' AS DateTime2),0,1,'',2,N'',N''),
							(N'Быстрый Старт 2',N'Старт 2 Повышена стабильность системы, исправлены некоторые ошибки.',N'Lorem ipsum dolor sit amet',N'',N'/Content/Images/features/BaseGlobal.png',N'https://www.youtube.com/watch?v=5qap5aO4i9A ',N'',CAST(N'2020-03-25' AS DateTime2),0,1,'',2,N'',N''),
							(N'Быстрый Старт 3',N'Старт 3 Повышена стабильность системы, исправлены некоторые ошибки.',N'Lorem ipsum dolor sit amet',N'',N'/Content/Images/features/BaseGlobal.png',N'https://www.youtube.com/watch?v=5qap5aO4i9A ',N'',CAST(N'2020-03-24' AS DateTime2),0,1,'',2,N'',N''),
							(N'Быстрый Старт 4',N'Старт 4 Повышена стабильность системы, исправлены некоторые ошибки.',N'Lorem ipsum dolor sit amet',N'',N'/Content/Images/features/BaseGlobal.png',N'https://www.youtube.com/watch?v=5qap5aO4i9A ',N'',CAST(N'2020-03-23' AS DateTime2),0,1,'',2,N'',N''),
							(N'Быстрый Старт 5',N'Старт 5 стабильность системы, исправлены некоторые ошибки.',N'Lorem ipsum dolor sit amet',N'',N'/Content/Images/features/BaseGlobal.png',N'https://www.youtube.com/watch?v=5qap5aO4i9A ',N'',CAST(N'2020-03-22' AS DateTime2),0,1,'',2,N'',N'')

        go     

        insert into [Info].[ItemCategory] ([ItemId],[CategoryId])
values
        (1,1),		
        (2,1),		
        (3,1),		
        (4,2),		
        (5,2),		
        (6,2),		
        (7,2),		
        (8,2),		
        (9,2),		
        (10,2),		
        (11,3),		
        (12,3),		
        (13,3),		
        (14,3),		
        (15,3),		
        (16,4),		
        (17,4),		
        (18,4),
        (19,5),		
        (20,5),		
        (21,5),		
        (22,5),		
        (23,5),		
        (24,5),
        (25,6),		
        (26,6),
        (27,1),
        (28,7),
        (29,7),
        (30,7),
        (31,7),
        (32,7),
        (33,7),
        (34,7),
		(35,8),
		(36,8),
		(37,8),
		(38,8),
		(39,8)
        go

insert into [Info].[ItemClaim] ([ItemId],[ClaimId], [IsDemo])
values 
        (1,14,0),		
        (2,14,0),		
        (3,14,0),		
        (4,14,0),		
        (5,14,0),		
        (6,12,0),		
        (6,13,0),		
        (6,14,1),		
        (6,15,1),		
        (7,14,0),		
        (8,14,0),		
        (9,14,0),		
        (10,14,0),		
        (11,14,0),		
        (12,14,0),		
        (13,14,0),		
        (14,14,0),		
        (15,14,0),		
        (16,14,0),		
        (17,14,0),		
        (18,14,0),
        (19,14,0),		
        (20,14,0),		
        (21,14,0),		
        (22,14,0),		
        (23,14,0),		
        (24,14,0),
        (25,14,0),		
        (26,14,0),
        (27,14,0),
        (28,14,0),
        (29,14,0),
        (30,14,0),
        (31,14,0),
        (32,14,0),
        (33,14,0),
        (34,14,0),
		(35,14,0),
		(36,14,0),
		(37,14,0),
		(38,14,0),
		(39,14,0)

        go


